date,temp_max_c,temp_min_c,precip_mm,rain_mm,wind_max_kmh
2025-01-01,28.6,20.5,0.0,0.0,10.2
2025-01-02,28.2,18.6,0.0,0.0,9.7
2025-01-03,28.9,18.2,0.0,0.0,9.4
2025-01-04,28.9,18.5,0.0,0.0,9.9
2025-01-05,28.2,16.4,0.0,0.0,9.5
2025-01-06,27.5,17.7,0.0,0.0,8.8
2025-01-07,28.6,18.0,0.0,0.0,10.4
2025-01-08,27.2,18.7,0.0,0.0,9.2
2025-01-09,25.8,17.0,0.0,0.0,11.3
2025-01-10,26.4,17.3,0.0,0.0,12.5
2025-01-11,26.8,17.8,0.0,0.0,12.5
2025-01-12,27.7,18.0,0.0,0.0,11.0
2025-01-13,28.7,19.0,0.0,0.0,11.7
2025-01-14,28.5,18.4,0.0,0.0,10.8
2025-01-15,28.1,18.7,0.0,0.0,12.2
2025-01-16,28.2,18.9,0.0,0.0,10.8
2025-01-17,28.4,18.9,0.0,0.0,12.0
2025-01-18,26.9,18.5,0.0,0.0,10.9
2025-01-19,29.3,19.0,0.0,0.0,9.7
2025-01-20,29.5,19.2,0.0,0.0,9.7
2025-01-21,30.5,18.2,0.0,0.0,9.6
2025-01-22,30.1,18.6,0.0,0.0,9.9
2025-01-23,29.6,18.5,0.0,0.0,11.6
2025-01-24,30.6,19.0,0.0,0.0,10.1
2025-01-25,31.3,18.3,0.0,0.0,9.8
2025-01-26,30.1,19.6,0.0,0.0,9.5
2025-01-27,31.2,19.2,0.0,0.0,9.9
2025-01-28,31.0,19.3,0.0,0.0,10.9
2025-01-29,30.5,19.8,0.0,0.0,10.9
2025-01-30,31.0,19.3,0.0,0.0,9.2
2025-01-31,32.4,19.6,0.0,0.0,10.7
2025-02-01,32.2,21.0,0.0,0.0,9.7
2025-02-02,32.3,21.3,0.0,0.0,11.0
2025-02-03,32.2,20.9,0.0,0.0,11.2
2025-02-04,33.1,20.0,0.0,0.0,10.2
2025-02-05,33.4,22.1,0.0,0.0,12.4
2025-02-06,32.4,21.6,0.0,0.0,12.7
2025-02-07,32.1,21.9,0.0,0.0,10.7
2025-02-08,32.3,22.2,0.0,0.0,11.2
2025-02-09,31.6,22.1,0.0,0.0,10.3
2025-02-10,32.3,21.4,0.0,0.0,12.2
2025-02-11,33.7,21.5,0.0,0.0,12.0
2025-02-12,34.4,22.0,0.0,0.0,10.9
2025-02-13,33.6,21.5,0.0,0.0,9.8
2025-02-14,32.8,22.4,0.0,0.0,6.4
2025-02-15,32.9,20.6,0.0,0.0,10.9
2025-02-16,33.5,20.4,0.0,0.0,8.8
2025-02-17,34.3,21.4,0.0,0.0,11.6
2025-02-18,34.7,21.9,0.0,0.0,11.8
2025-02-19,34.0,23.0,0.0,0.0,9.3
2025-02-20,33.9,23.4,0.5,0.5,8.6
2025-02-21,32.8,23.3,0.0,0.0,9.6
2025-02-22,33.9,22.3,0.0,0.0,11.0
2025-02-23,33.2,23.0,0.0,0.0,12.9
2025-02-24,32.3,22.7,0.0,0.0,10.9
2025-02-25,31.8,21.1,0.0,0.0,10.8
2025-02-26,31.8,21.7,0.0,0.0,10.7
2025-02-27,32.4,21.6,0.0,0.0,10.2
2025-02-28,32.5,21.7,0.0,0.0,10.1
2025-03-01,32.8,21.6,0.0,0.0,11.6
2025-03-02,34.5,22.5,0.0,0.0,11.7
2025-03-03,35.6,23.5,0.0,0.0,11.9
2025-03-04,36.0,22.8,0.0,0.0,13.5
2025-03-05,33.7,23.9,0.0,0.0,11.5
2025-03-06,32.5,21.1,0.0,0.0,11.1
2025-03-07,33.4,19.3,0.0,0.0,9.7
2025-03-08,35.8,19.8,0.0,0.0,9.9
2025-03-09,34.7,22.6,0.0,0.0,12.7
2025-03-10,32.6,20.7,0.0,0.0,12.2
2025-03-11,33.6,22.1,0.0,0.0,13.4
2025-03-12,35.8,22.4,0.0,0.0,10.8
2025-03-13,37.6,23.7,0.0,0.0,9.4
2025-03-14,37.4,25.5,0.0,0.0,10.5
2025-03-15,37.4,26.0,0.0,0.0,13.9
2025-03-16,37.2,25.8,0.0,0.0,12.7
2025-03-17,37.6,24.9,0.0,0.0,12.1
2025-03-18,37.0,26.2,0.0,0.0,13.6
2025-03-19,36.1,24.6,0.0,0.0,13.9
2025-03-20,35.3,22.1,0.0,0.0,13.8
2025-03-21,35.8,22.4,0.0,0.0,18.1
2025-03-22,33.8,23.0,0.5,0.5,11.3
2025-03-23,32.3,22.8,0.1,0.1,9.1
2025-03-24,33.3,22.8,0.0,0.0,9.4
2025-03-25,34.5,23.0,0.0,0.0,10.1
2025-03-26,36.2,24.0,0.0,0.0,13.1
2025-03-27,37.5,25.1,0.0,0.0,15.4
2025-03-28,37.8,26.1,0.0,0.0,8.4
2025-03-29,37.6,26.2,0.0,0.0,8.0
2025-03-30,38.1,26.8,0.0,0.0,13.3
2025-03-31,37.0,26.1,0.0,0.0,11.7
2025-04-01,35.2,23.8,0.0,0.0,12.3
2025-04-02,32.8,23.3,0.0,0.0,11.8
2025-04-03,30.3,21.6,9.4,9.4,11.3
2025-04-04,30.6,21.4,3.0,3.0,11.7
2025-04-05,32.5,23.6,0.0,0.0,6.6
2025-04-06,34.5,23.1,0.0,0.0,8.3
2025-04-07,36.1,23.8,0.0,0.0,11.5
2025-04-08,35.6,23.9,0.1,0.1,10.4
2025-04-09,36.8,23.8,0.0,0.0,13.1
2025-04-10,37.1,25.4,0.0,0.0,11.9
2025-04-11,37.0,24.3,0.0,0.0,16.4
2025-04-12,37.1,25.3,0.0,0.0,14.1
2025-04-13,37.0,25.1,0.0,0.0,10.4
2025-04-14,36.9,24.9,0.0,0.0,10.9
2025-04-15,36.2,25.6,0.0,0.0,11.2
2025-04-16,36.2,24.3,0.0,0.0,15.1
2025-04-17,35.9,25.1,0.3,0.3,10.3
2025-04-18,37.2,25.6,0.0,0.0,10.1
2025-04-19,35.3,26.7,1.7,1.7,8.6
2025-04-20,37.9,27.3,0.0,0.0,9.4
2025-04-21,37.8,26.7,0.1,0.1,11.5
2025-04-22,38.5,27.7,0.1,0.1,9.0
2025-04-23,38.3,28.0,0.0,0.0,9.9
2025-04-24,38.7,27.8,0.0,0.0,11.9
2025-04-25,38.4,28.9,0.0,0.0,9.8
2025-04-26,37.6,27.0,0.0,0.0,9.6
2025-04-27,32.9,24.7,8.2,8.2,11.1
2025-04-28,37.0,24.9,0.0,0.0,9.5
2025-04-29,36.9,25.0,0.0,0.0,11.1
2025-04-30,38.4,25.6,0.0,0.0,12.2
2025-05-01,37.9,25.2,0.0,0.0,11.9
2025-05-02,38.7,25.5,0.0,0.0,12.6
2025-05-03,38.6,26.2,0.0,0.0,12.1
2025-05-04,38.5,26.1,0.0,0.0,14.5
2025-05-05,37.5,23.9,0.0,0.0,10.6
2025-05-06,36.8,24.9,0.0,0.0,9.2
2025-05-07,36.0,24.8,0.8,0.8,11.9
2025-05-08,35.2,26.4,0.0,0.0,9.9
2025-05-09,35.6,25.1,0.0,0.0,12.8
2025-05-10,36.5,26.7,0.0,0.0,10.0
2025-05-11,37.6,27.4,0.2,0.2,10.4
2025-05-12,37.0,26.3,0.0,0.0,12.6
2025-05-13,36.5,26.1,0.0,0.0,11.9
2025-05-14,36.9,25.5,0.2,0.2,12.2
2025-05-15,33.6,22.8,11.5,11.5,10.4
2025-05-16,35.5,25.0,0.3,0.3,9.9
2025-05-17,34.9,26.1,0.6,0.6,9.9
2025-05-18,35.2,25.0,1.5,1.5,10.9
2025-05-19,34.0,23.6,8.8,8.8,14.7
2025-05-20,34.5,25.7,1.9,1.9,13.8
2025-05-21,30.2,24.1,24.5,24.5,10.1
2025-05-22,30.8,23.7,5.4,5.4,12.5
2025-05-23,31.5,24.0,1.0,1.0,17.2
2025-05-24,31.1,24.5,1.6,1.6,10.9
2025-05-25,30.4,23.2,2.6,2.6,16.3
2025-05-26,28.8,23.7,2.0,2.0,10.1
2025-05-27,30.7,23.4,1.5,1.5,14.8
2025-05-28,28.0,23.8,3.5,3.5,17.9
2025-05-29,30.9,23.5,4.5,4.5,13.7
2025-05-30,32.2,23.6,1.8,1.8,17.3
2025-05-31,33.6,24.5,0.0,0.0,16.5
2025-06-01,33.0,24.3,0.2,0.2,16.4
2025-06-02,31.9,24.0,1.1,1.1,17.7
2025-06-03,31.8,24.1,0.2,0.2,13.9
2025-06-04,33.0,23.9,0.1,0.1,13.1
2025-06-05,32.5,23.9,0.7,0.7,10.1
2025-06-06,33.8,23.8,0.2,0.2,8.5
2025-06-07,35.4,25.5,0.0,0.0,12.3
2025-06-08,35.1,25.5,0.6,0.6,12.6
2025-06-09,28.6,24.7,6.2,6.2,14.4
2025-06-10,31.5,24.6,1.6,1.6,15.2
2025-06-11,30.1,23.9,2.6,2.6,15.7
2025-06-12,31.1,22.6,10.0,10.0,10.1
2025-06-13,32.1,24.2,0.9,0.9,8.0
2025-06-14,31.4,24.6,1.6,1.6,11.4
2025-06-15,30.9,23.8,5.4,5.4,16.9
2025-06-16,30.2,23.8,1.6,1.6,25.1
2025-06-17,31.8,24.1,0.1,0.1,21.0
2025-06-18,31.4,23.7,0.2,0.2,21.1
2025-06-19,31.6,24.1,2.3,2.3,26.7
2025-06-20,31.6,24.1,0.2,0.2,20.6
2025-06-21,32.5,23.7,0.3,0.3,19.3
2025-06-22,33.0,23.6,1.0,1.0,21.8
2025-06-23,31.7,24.0,0.5,0.5,22.9
2025-06-24,29.4,23.4,12.4,12.4,23.8
2025-06-25,28.9,23.7,7.2,7.2,19.4
2025-06-26,30.0,22.8,9.8,9.8,18.2
2025-06-27,30.4,23.3,1.6,1.6,20.3
2025-06-28,32.0,23.4,0.3,0.3,23.0
2025-06-29,32.0,23.8,1.5,1.5,23.3
2025-06-30,30.6,23.1,8.7,8.7,24.1
2025-07-01,28.0,22.7,9.6,9.6,19.1
2025-07-02,27.8,22.7,4.9,4.9,15.7
2025-07-03,27.7,23.4,1.8,1.8,20.0
2025-07-04,29.9,23.5,11.5,11.5,23.5
2025-07-05,29.9,23.9,2.9,2.9,23.3
2025-07-06,30.8,23.4,2.4,2.4,22.9
2025-07-07,28.9,23.2,3.0,3.0,20.7
2025-07-08,29.8,23.3,1.7,1.7,22.8
2025-07-09,29.9,23.7,0.6,0.6,20.8
2025-07-10,31.4,22.9,0.7,0.7,16.8
2025-07-11,31.6,23.4,0.3,0.3,13.1
2025-07-12,32.2,23.7,1.3,1.3,16.2
2025-07-13,32.0,24.4,0.0,0.0,16.9
2025-07-14,32.3,24.2,1.2,1.2,19.4
2025-07-15,31.2,24.0,2.7,2.7,20.0
2025-07-16,32.2,23.8,4.3,4.3,14.2
2025-07-17,31.3,22.8,7.0,7.0,12.8
2025-07-18,31.1,22.7,12.5,12.5,9.9
2025-07-19,30.2,22.5,8.5,8.5,9.8
2025-07-20,29.5,23.7,2.1,2.1,11.8
2025-07-21,30.3,23.5,3.0,3.0,13.4
2025-07-22,29.0,23.0,5.5,5.5,16.7
2025-07-23,27.6,23.0,8.1,8.1,19.0
2025-07-24,25.7,22.8,8.5,8.5,18.0
2025-07-25,26.6,22.9,14.9,14.9,20.9
2025-07-26,24.5,22.6,23.5,23.5,22.8
2025-07-27,29.3,23.0,0.9,0.9,27.1
2025-07-28,29.9,22.6,0.0,0.0,27.2
2025-07-29,29.6,23.2,0.5,0.5,27.2
2025-07-30,28.5,23.2,2.9,2.9,22.1
2025-07-31,29.3,23.0,1.0,1.0,20.6
2025-08-01,30.3,23.3,0.0,0.0,18.2
2025-08-02,30.8,23.6,0.2,0.2,11.9
2025-08-03,30.7,23.4,0.6,0.6,9.2
2025-08-04,31.1,23.4,4.1,4.1,6.2
2025-08-05,29.6,23.6,6.6,6.6,7.3
2025-08-06,31.5,22.8,7.0,7.0,9.6
2025-08-07,30.0,24.1,23.7,23.7,7.6
2025-08-08,29.5,22.5,3.9,3.9,7.2
2025-08-09,28.1,21.8,5.4,5.4,9.8
2025-08-10,28.5,22.8,15.0,15.0,11.7
2025-08-11,28.6,22.3,9.7,9.7,14.1
2025-08-12,28.5,22.2,4.4,4.4,16.4
2025-08-13,26.3,22.2,11.8,11.8,17.3
2025-08-14,27.4,21.9,8.8,8.8,14.2
2025-08-15,27.6,22.3,4.8,4.8,18.1
2025-08-16,26.9,22.5,2.0,2.0,21.2
2025-08-17,26.6,22.5,7.5,7.5,17.4
2025-08-18,25.7,22.4,15.6,15.6,23.4
2025-08-19,26.9,22.1,7.4,7.4,25.5
2025-08-20,27.5,22.7,2.8,2.8,21.8
2025-08-21,29.4,22.4,0.1,0.1,20.8
2025-08-22,28.9,22.7,0.1,0.1,19.1
2025-08-23,28.8,22.4,0.1,0.1,20.9
2025-08-24,29.2,22.2,0.1,0.1,21.1
2025-08-25,29.4,21.9,0.1,0.1,21.0
2025-08-26,26.7,22.7,19.8,19.8,18.3
2025-08-27,26.7,22.2,25.8,25.8,17.0
2025-08-28,26.5,21.8,17.6,17.6,19.3
2025-08-29,28.6,21.8,1.7,1.7,18.2
2025-08-30,29.6,22.5,0.4,0.4,17.8
2025-08-31,28.0,22.9,2.9,2.9,16.2
2025-09-01,27.9,22.7,8.7,8.7,18.3
2025-09-02,27.0,22.7,4.5,4.5,21.0
2025-09-03,28.8,22.2,0.2,0.2,16.7
2025-09-04,29.4,22.1,0.3,0.3,18.7
2025-09-05,29.1,22.2,0.6,0.6,15.8
2025-09-06,28.9,22.8,0.2,0.2,13.9
2025-09-07,29.3,22.6,0.0,0.0,13.6
2025-09-08,30.0,22.7,0.5,0.5,9.7
2025-09-09,31.8,22.2,0.9,0.9,8.7
2025-09-10,30.7,22.6,12.2,12.2,10.4
2025-09-11,26.7,22.7,20.5,20.5,14.7
2025-09-12,25.7,21.9,6.6,6.6,12.8
2025-09-13,27.2,22.5,11.5,11.5,9.6
2025-09-14,29.3,21.7,7.2,7.2,10.1
2025-09-15,28.9,22.6,4.5,4.5,13.4
2025-09-16,29.4,22.9,7.6,7.6,10.1
2025-09-17,28.8,22.5,1.2,1.2,7.2
2025-09-18,30.0,21.9,6.3,6.3,10.0
2025-09-19,30.3,22.0,16.2,16.2,11.2
2025-09-20,30.0,21.9,2.2,2.2,11.6
2025-09-21,29.7,22.4,9.3,9.3,11.6
2025-09-22,28.4,22.4,6.8,6.8,11.7
2025-09-23,28.7,22.7,10.2,10.2,16.8
2025-09-24,28.3,22.5,0.0,0.0,19.1
2025-09-25,25.7,22.2,6.0,6.0,18.0
2025-09-26,27.7,21.7,16.9,16.9,17.8
2025-09-27,25.1,22.0,10.5,10.5,14.5
2025-09-28,27.1,21.7,3.3,3.3,19.2
2025-09-29,29.2,21.6,0.0,0.0,14.8
2025-09-30,28.4,22.1,0.1,0.0,13.6
2025-10-01,29.2,22.4,0.2,0.0,16.4
2025-10-02,27.9,23.0,0.0,0.0,13.5
2025-10-03,29.7,23.0,0.0,0.0,15.9
2025-10-04,29.7,23.6,0.8,0.3,11.6
2025-10-05,29.6,22.3,2.3,0.4,12.4
2025-10-06,29.6,21.5,10.2,0.8,12.2
2025-10-07,28.5,21.8,3.4,0.5,9.5
2025-10-08,30.4,22.7,0.7,0.5,9.5
2025-10-09,29.2,22.0,1.1,0.3,8.4
2025-10-10,30.7,22.8,0.0,0.0,9.7
2025-10-11,30.8,21.8,0.0,0.0,12.9
2025-10-12,31.4,22.3,0.0,0.0,9.4
2025-10-13,28.1,23.7,0.2,0.0,10.4
2025-10-14,28.9,22.5,2.1,1.0,12.5
2025-10-15,29.7,22.3,0.7,0.6,13.0
2025-10-16,31.0,22.6,0.0,0.0,13.9
2025-10-17,31.2,22.7,0.7,0.7,14.0
2025-10-18,31.7,22.6,0.0,0.0,11.2
2025-10-19,31.1,22.5,1.3,1.2,13.8
2025-10-20,29.8,22.6,10.8,1.1,9.4
2025-10-21,30.4,22.8,2.2,1.7,14.7
2025-10-22,29.8,22.6,5.1,1.9,15.5
2025-10-23,26.7,22.5,5.5,3.3,17.3
2025-10-24,25.7,21.9,12.0,2.6,10.8
2025-10-25,27.0,21.6,20.4,4.2,10.0
2025-10-26,28.0,21.6,1.0,0.2,10.9
2025-10-27,28.8,21.3,2.3,2.1,7.0
2025-10-28,27.8,22.0,16.8,4.3,16.2
2025-10-29,23.8,21.7,26.7,14.7,18.2
2025-10-30,28.4,22.3,0.2,0.2,19.5
2025-10-31,28.5,20.9,0.0,0.0,14.3
2025-11-01,28.7,22.0,0.1,0.0,9.0
2025-11-02,29.1,22.5,0.4,0.2,13.8
2025-11-03,28.8,22.4,1.0,0.4,12.6
2025-11-04,28.2,22.3,1.6,1.1,10.1
2025-11-05,29.7,21.7,0.0,0.0,9.7
2025-11-06,28.7,21.7,0.0,0.0,8.5
2025-11-07,29.5,21.6,0.0,0.0,9.9
2025-11-08,28.9,20.3,0.0,0.0,8.9
2025-11-09,28.0,18.3,0.0,0.0,8.3
2025-11-10,28.8,18.0,0.0,0.0,6.5
2025-11-11,29.3,19.2,0.0,0.0,9.7
2025-11-12,29.5,19.3,0.0,0.0,9.3
2025-11-13,29.0,18.7,0.0,0.0,9.8
2025-11-14,28.2,16.4,0.0,0.0,8.9
2025-11-15,27.8,16.7,0.0,0.0,8.4
2025-11-16,27.9,17.1,0.0,0.0,9.8
2025-11-17,27.7,17.4,0.0,0.0,10.7
2025-11-18,29.1,17.3,0.0,0.0,8.9
2025-11-19,29.0,17.4,0.0,0.0,8.3
2025-11-20,28.9,16.6,0.0,0.0,8.7
2025-11-21,29.7,18.5,0.0,0.0,10.8
2025-11-22,30.5,20.8,0.0,0.0,10.5
2025-11-23,31.2,21.0,0.0,0.0,8.8
2025-11-24,30.2,21.3,0.0,0.0,9.7
2025-11-25,29.3,19.6,0.0,0.0,9.7
2025-11-26,29.0,19.1,0.0,0.0,11.3
2025-11-27,28.5,18.7,0.0,0.0,11.1
2025-11-28,28.1,19.2,0.0,0.0,11.1
2025-11-29,27.0,17.2,0.0,0.0,9.8
2025-11-30,26.9,19.2,0.0,0.0,9.6
2025-12-01,28.3,19.5,0.2,0.0,10.1
2025-12-02,28.8,19.0,0.0,0.0,12.4
2025-12-03,28.5,20.3,0.0,0.0,10.2
2025-12-04,28.4,20.8,0.1,0.1,9.4
2025-12-05,28.2,19.7,0.0,0.0,11.6
2025-12-06,28.3,17.9,0.0,0.0,9.2
2025-12-07,29.1,18.8,0.0,0.0,10.6
2025-12-08,28.9,17.3,0.0,0.0,11.1
2025-12-09,28.8,17.5,0.0,0.0,13.5
2025-12-10,28.6,17.6,0.0,0.0,12.3
2025-12-11,28.3,16.8,0.0,0.0,9.9
2025-12-12,28.2,15.2,0.0,0.0,8.8
2025-12-13,28.3,15.1,0.0,0.0,9.2
2025-12-14,28.3,16.4,0.0,0.0,8.5
2025-12-15,27.7,16.7,0.0,0.0,8.3
2025-12-16,27.9,17.0,0.0,0.0,8.0
2025-12-17,29.2,17.7,0.0,0.0,9.2
2025-12-18,29.0,17.2,0.0,0.0,10.3
2025-12-19,27.5,17.4,0.0,0.0,10.3
2025-12-20,27.3,15.9,0.0,0.0,9.8
2025-12-21,27.0,14.8,0.0,0.0,8.3
2025-12-22,27.5,17.0,0.0,0.0,8.3
2025-12-23,27.5,15.6,0.0,0.0,10.1
2025-12-24,27.1,17.1,0.0,0.0,8.6
2025-12-25,26.8,16.7,0.0,0.0,8.3
2025-12-26,26.6,16.2,0.0,0.0,8.7
2025-12-27,26.9,16.2,0.0,0.0,8.0
2025-12-28,26.8,16.2,0.0,0.0,8.0
2025-12-29,26.6,16.5,0.0,0.0,8.0
2025-12-30,28.0,16.1,0.0,0.0,5.1
2025-12-31,28.3,16.7,0.0,0.0,9.4
